<?xml version="1.0" encoding="UTF-8" standalone="yes"?>
<addon id="script.module.fenomscrapers" name="FenomScrapers Module" version="1.1.7" provider-name="Mr-Kodi">
	<requires>
		<import addon="xbmc.python" version="2.25.0" />
		<import addon="script.module.beautifulsoup4" />
		<import addon="script.module.requests" />
		<import addon="script.module.myaccounts" version="1.0.0" />
	</requires>
	<extension point="xbmc.python.pluginsource" library="lib/default.py">
		<provides>executable</provides>
	</extension> 
	<extension point="xbmc.service" library="lib/service.py" start="startup" />
	<extension point="xbmc.python.module" library="lib" /> <!-- Must be placed after xbmc.python.pluginsource, otherwise the addon does not show in the repository. -->
	<extension point="xbmc.addon.metadata">
		<reuselanguageinvoker>false</reuselanguageinvoker> 
		<summary lang="en">FenomScrapers Module</summary>
		<description>Scrape common video host for URL's to be playable in Kodi, simplifying addon development of video plugins requiring multi video hosts.</description>
		<platform>all</platform>
		<license>GNU GENERAL PUBLIC LICENSE. Version 3, 29 June 2007</license>
		<forum></forum>
		<website>https://github.com/Mr-Kodi/repository.fenomscrapers</website>
		<source>https://github.com/Mr-Kodi/repository.fenomscrapers</source>
		<disclaimer lang="en">The author is not responsible for the use of this addon. The author is not responsible for the content found using this addon. The author does not host or own any content found within this addon.[CR]The author is in no way affiliated with Kodi, Team Kodi, or the XBMC Foundation.[CR]This is a Non-profit resource, organized solely for educational purposes which is protected under the Fair-Use doctrine of the Copyright Act, Specifically section 107, which does promote freedom of expression, by permitting the unlicensed use of copyright-protected works.</disclaimer>
		<assets>
			<icon>icon.png</icon>
			<fanart>fanart.png</fanart>
			<screenshot></screenshot>
		</assets>
		<news>
[B][COLOR red]Update - v1.1.7 - Dec. 30, 2020[/COLOR][/B]
[COLOR yellow]--[/COLOR][I] 7torrents torrent scraper removed due to Cloudflare v2
    challenge.[/I]
[COLOR yellow]--[/COLOR][I] Moviemagnet torrent scraper removed, site appears to
    be dead.[/I]
[COLOR yellow]--[/COLOR][I] Removed rlsbb and watchseries hosters due to
    Cloudflare v2 challenge.[/I]
[COLOR yellow]--[/COLOR][I] Removed ganool, onlineseries, and watchseriestv
    hosters.  Hosters appear to be dead.[/I]
[COLOR yellow]--[/COLOR][I] Updated all scrapers to pass "link_name" to
    be shown by addon.[/I]
[COLOR yellow]--[/COLOR][I] Item above now allows source select to be shown with
     "link_name" for all vs. old standard info line.[/I]
[COLOR yellow]--[/COLOR][I] Removed 5movies, cartoonhd, filmxy, watchepisodes, and
    watchserieshd.  These sites do not provide the minimum
    standard of file info for addon display so they are removed.[/I]
[COLOR yellow]--[/COLOR][I] Added new Heading section groups to "Premium Hosters".
    Account Required scrapers, and Local Scrapers are now
    grouped.[/I]
[COLOR yellow]--[/COLOR][I] Removed unused modules for above changes.[/I]
[COLOR yellow]--[/COLOR][I] Removed unused functions for above changes.[/I]
		</news>
	</extension>
</addon>